{"locations":{"Tree":[[-115.33,-121.87],[-119.18,-77.47],[-88.56,-328.66],[-239.97,-303.32],[-350.74,-210.46],[-31.42,-94.38],[12.37,-141.85],[-19.03,-233.03],[-22.27,-203.37],[17.77,-39.91],[29.25,165.86],[23.47,219.27],[87.99,-240.03],[105.91,-293.55],[94.25,-20.74],[91.88,228.99],[101.32,285.13],[202.14,-21.65],[244.82999999999998,40.14],[213.66,94.14],[205.67,220.82],[218.67000000000002,300.82],[302.33,44.57],[312.83,173.5],[281.75,244.24],[314.71,273.8],[261.51,343.07],[402.45,84.16]],"Flax":[[-87.67,-48.47],[-91.38,-52.39],[-71.44,-9.47],[-78.11,-6.79],[-279.34,-279.66],[-560.67,97.24],[-587.18,56.18],[-569.02,70.17],[29.62,-31.44],[22.39,-40.04],[-46.92,-14.84]],"Oak Tree":[[-97.02,-107.86],[56.06,-98.63],[111.6,-34.34],[147.24,87.75]],"Copper Rock":[[-96.14,-53.43],[-79.85,-30.29],[-562.91,106.29],[-578.23,113.28999999999999],[45.17,-55.02]],"Berry Bush":[[-57.91,-316.22],[-353.18,-172.57],[-559.79,102.21],[-567.64,55.59],[24.62,-49.97],[-4.66,-109.14],[98.17,0.78],[66.43,176.16]],"Bamboo":[[-56.23,-32.46],[-572.07,31.91],[-587.32,41.43]],"Rock":[[-57.43,-21],[-164.34,-14.74],[15.09,-76.53999999999999],[28.42,-1.8],[3.82,-24.43]],"Fishing Spot":[[-93.52,-34.52],[-135.59,84.99],[-608.03,57.5],[-613.52,83.3],[-603.97,103.86],[-7.73,9.14],[35.58,19.44],[-43.69,101.33],[-19.67,125.49],[-16.04,405.85],[97.61,52.94]],"Bank":[[-133.87,-16.99],[-54,146.42000000000002],[-345,-296.53],[-605.07,79.65],[-7.59,-7.6],[-32.06,108.13],[-11.05,222.43],[3.43,289.66],[3.21,407.88],[246.66,-154.07],[419.85,68.26],[497.22,327.89]],"Tin Rock":[[-54.09,-10.93],[56.98,-6.79]],"Gooberry Bush":[[-77.59,-4.95]],"Wolf":[[-136.85,-22.8],[-233.64,-36.28]],"Palm Tree":[[-92.05,10.51],[-520.04,236.84],[-478.37,333.22],[-523.61,294.36],[-556.61,309.28],[-29.52,-4.76],[30.11,5.33],[-26.52,110.06],[55.75,17.03],[115.63,53.96],[106.95,71.07],[328.71,-231.48],[336.13,-151.81],[449.39,-205.88]],"Cactus":[[-122.09,130.71],[-78.53999999999999,156.57],[-82.65,220.54],[-170.36,95.5]],"Opal Rock":[[-83.43,212.61],[-51.5,385.9],[-50.7,375.06],[-367.61,312.17],[-384.34,310.21],[70.74,-121.66],[68.53999999999999,-138.9],[242.8,-182.2]],"Quartz Rock":[[-231.41,-126.72],[-162.1,91.53],[-511.03,-11.93],[-576.53,38.9],[-550.35,20.48],[-560.29,123.02],[34.08,119.52],[133.07999999999998,-82.12],[54.59,116.28999999999999],[155.11,-70.24]],"Silver Rock":[[-219.3,-143.67000000000002],[-155.85,-91.37],[-207.04,-155.95],[-175.74,71.68],[-178.03,61.95],[-507.95,67.74000000000001],[-531.39,138.07],[-564.15,29.3],[-18.9,206.18],[-0.76,204.34]],"Gem Rock":[[-173.05,86.93],[-348.1,317.3]],"Sheep":[[-188.41,76.66]],"Zombie":[[-224.81,212.6],[28.91,238.81]],"Skeleton":[[-247.62,384.13],[330.07,331.69]],"Platinum Rock":[[-264.02,92.27],[-274.21,91.96000000000001],[-370.61,-145.8],[-379.04,-152.47],[-514.97,147.73],[15.02,240.01],[328.53,207.59],[317.01,199.87]],"Cobalt Rock":[[-340.3,252.47],[-325.8,256.40999999999997],[-489.08,64.65],[56.08,299.07],[66.16,301.64],[244.64,-166.94]],"Jade Rock":[[-311.51,261.37],[-306,265.53],[-531.52,56.59],[269.38,-169.45]],"Ribbon Tree":[[-339.08,311.42],[-409.69,268.32],[-415.22,288.75]],"Titanium Rock":[[-416.88,279.6],[-416.37,286.72],[-506.13,-101.47],[-492.78,-26.17],[-491.86,-39.32],[8.95,126.07],[286.88,-181.44],[296.91,-5.98],[285.65,-10.67],[335.35,169.39]],"Maple Tree":[[-531.45,18.25],[-567.33,113.96000000000001],[7.83,-109.47],[66.12,151.96],[183,43.95]],"Chick":[[-514.86,137.39]],"Chicken":[[-533.49,109.78],[-527.22,101.41],[-531.9,113.14],[-541.07,103.96]],"Pig":[[-487.44,101.46],[326.5,119.59]],"Roots":[[-524.21,231.37],[-508.74,232.16],[-491.18,327.39],[134.94,-120.39]],"Voidberry Bush":[[-467.17,327.69]],"Hemp Plant":[[-581.21,38.94],[-15.49,-117],[53.73,-55.06]],"Scribe Desk":[[-598.17,51],[3.46,6.65]],"Farm Patch":[[-598.06,93.44],[-598.07,85.22],[-588.06,85.58],[-588.25,93.64],[-17.82,-61.56],[-26.07,-70.17],[-18.57,-76.99]],"Compost Bin":[[-593.49,97.9],[-25.92,-51.63]],"Washing Machine":[[-611.03,76.05],[7.41,7.21]],"Task Board":[[-604.88,95.19],[-16.74,2.59],[16.26,411.23]],"Crafting Table":[[-609.21,68.71000000000001],[-5.98,4.85]],"Blacksmith":[[-607.65,65.38],[-2.34,5.64],[257.81,-156.57]],"Food Shop":[[-570.11,100.19],[38.84,-28.41]],"Spinning Wheel":[[-576.81,98.03],[-9.8,4.61],[261.15,-156.68]],"Bonfire":[[-591.23,64.02000000000001],[-13.43,-29.65],[35.01,377.32]],"Birch Tree":[[7.48,-49.82],[63.15,-32.08]],"Willow Tree":[[-40.53,-229.88],[-2.07,127.55]],"Sunberry Bush":[[2.17,-156.81]],"Training Dummy":[[46.52,19.14],[42.59,16.21]],"Cat":[[-33.6,-27.97]],"Dog":[[28.62,-23.47]],"General Store":[[-27.6,-8.26],[238.2,-158.46]],"Pine Tree":[[-0.17,378.34],[59.56,310.51],[178.85,350.07],[291.9,404.29]],"Frostberry Bush":[[-6.92,403.62]],"Moonberry Bush":[[73.43,-63.82]],"Emberberry Bush":[[57.5,282.41]],"Demon":[[66.05,382.27],[73.25,377.14],[371.16,343.39]],"Candy Tree":[[235.38,-168.97],[258.96,-184.16],[290.05,-170.99]],"Raccoon":[[159.46,-26.66]],"Dreamberry Bush":[[168.54,1.28]],"Goblin":[[190.29,258.94],[234.24,417.93]]},"byType":{"woodcutting":["Tree"],"flax":["Flax"],"oak_woodcutting":["Oak Tree"],"copper_mining":["Copper Rock"],"foraging":["Berry Bush"],"bamboo_woodcutting":["Bamboo"],"mining":["Rock"],"fishing":["Fishing Spot"],"service":["Bank","Scribe Desk","Farm Patch","Compost Bin","Washing Machine","Task Board","Crafting Table","Blacksmith","Food Shop","Spinning Wheel","Bonfire","General Store"],"tin_mining":["Tin Rock"],"crystal_foraging":["Gooberry Bush"],"combat":["Wolf","Sheep","Zombie","Skeleton","Chick","Chicken","Pig","Training Dummy","Cat","Dog","Demon","Raccoon","Goblin"],"palm_woodcutting":["Palm Tree"],"cactus_woodcutting":["Cactus"],"opal_mining":["Opal Rock"],"quartz_mining":["Quartz Rock"],"silver_mining":["Silver Rock"],"gem_mining":["Gem Rock"],"platinum_mining":["Platinum Rock"],"cobalt_mining":["Cobalt Rock"],"jade_mining":["Jade Rock"],"ribbon_woodcutting":["Ribbon Tree"],"titanium_mining":["Titanium Rock"],"maple_woodcutting":["Maple Tree"],"roots_woodcutting":["Roots"],"void_foraging":["Voidberry Bush"],"hemp":["Hemp Plant"],"birch_woodcutting":["Birch Tree"],"willow_woodcutting":["Willow Tree"],"golden_foraging":["Sunberry Bush"],"pine_woodcutting":["Pine Tree"],"frost_foraging":["Frostberry Bush"],"elder_foraging":["Moonberry Bush"],"ember_foraging":["Emberberry Bush"],"candy_woodcutting":["Candy Tree"],"shadow_foraging":["Dreamberry Bush"]},"labelType":{"Tree":"woodcutting","Flax":"flax","Oak Tree":"oak_woodcutting","Copper Rock":"copper_mining","Berry Bush":"foraging","Bamboo":"bamboo_woodcutting","Rock":"mining","Fishing Spot":"fishing","Bank":"service","Tin Rock":"tin_mining","Gooberry Bush":"crystal_foraging","Wolf":"combat","Palm Tree":"palm_woodcutting","Cactus":"cactus_woodcutting","Opal Rock":"opal_mining","Quartz Rock":"quartz_mining","Silver Rock":"silver_mining","Gem Rock":"gem_mining","Sheep":"combat","Zombie":"combat","Skeleton":"combat","Platinum Rock":"platinum_mining","Cobalt Rock":"cobalt_mining","Jade Rock":"jade_mining","Ribbon Tree":"ribbon_woodcutting","Titanium Rock":"titanium_mining","Maple Tree":"maple_woodcutting","Chick":"combat","Chicken":"combat","Pig":"combat","Roots":"roots_woodcutting","Voidberry Bush":"void_foraging","Hemp Plant":"hemp","Scribe Desk":"service","Farm Patch":"service","Compost Bin":"service","Washing Machine":"service","Task Board":"service","Crafting Table":"service","Blacksmith":"service","Food Shop":"service","Spinning Wheel":"service","Bonfire":"service","Birch Tree":"birch_woodcutting","Willow Tree":"willow_woodcutting","Sunberry Bush":"golden_foraging","Training Dummy":"combat","Cat":"combat","Dog":"combat","General Store":"service","Pine Tree":"pine_woodcutting","Frostberry Bush":"frost_foraging","Moonberry Bush":"elder_foraging","Emberberry Bush":"ember_foraging","Demon":"combat","Candy Tree":"candy_woodcutting","Raccoon":"combat","Dreamberry Bush":"shadow_foraging","Goblin":"combat"}}