{"locations":{"Bank":[[-7.59,-7.6],[446.84000000000003,388.43],[-402.9,266.38],[3.43,289.66],[497.22,327.89],[-11.05,222.43],[-605.07,79.65],[-133.87,-16.99],[246.66,-154.07]],"Blacksmith":[[-2.34,5.64],[460.05,374.15],[-369.71,252.71],[-607.65,65.38],[257.81,-156.57]],"Crafting Table":[[-5.98,4.85],[456.62,378.27],[-365.34000000000003,252.45],[-609.21,68.71000000000001]],"Spinning Wheel":[[-9.8,4.61],[453.1,383.03],[-388.73,313.28],[-576.81,98.03],[261.15,-156.68]],"Training Dummy":[[46.52,19.14],[42.59,16.21]],"Fishing Spot":[[-7.73,9.14],[467.15999999999997,380.12],[-458.79,273.81],[-402.03,280.79],[-351.93,257.90999999999997],[-434.72,350.49],[-611.05,55.1],[-613.52,83.3],[-603.97,103.86],[-43.69,101.33],[97.61,52.94]],"Task Board":[[-16.74,2.59],[396.43,411.38],[-410.49,281.34],[-604.88,95.19]],"Washing Machine":[[7.41,7.21],[407.56,408.31],[-370.87,303.06],[-611.03,76.05]],"Flax":[[29.62,-31.44],[22.39,-40.04],[-46.92,-14.84],[-560.67,97.24],[-587.18,56.18],[-569.02,70.17],[-71.44,-9.47],[-78.11,-6.79],[-87.67,-48.47],[-91.38,-52.39],[-279.34,-279.66]],"Cat":[[-33.6,-27.97]],"Scribe Desk":[[3.46,6.65],[414.77,405.06],[-395.87,261.23],[-598.17,51]],"General Store":[[-27.6,-8.26],[470.71,361.42],[-407.81,271.48],[238.2,-158.46]],"Shrimp Fishing Spot":[[20.41,15.94]],"Skeleton":[[-247.62,384.13],[330.07,331.69]],"Opal Rock":[[-51.5,385.9],[-50.7,375.06],[-367.61,312.17],[-384.34,310.21],[-83.43,212.61],[70.74,-121.66],[68.53999999999999,-138.9],[242.8,-182.2],[372.27,-237.67000000000002],[370.57,-235.06]],"Frostberry Bush":[[-6.92,403.62]],"Horse Ranch":[[24.9,387.74],[372.12,411.81],[-396.47,302.7],[-585.29,97.19],[-549.46,116.91],[-14.44,-52.78],[-111.03,-205.86],[267.48,-159.37]],"Ribbon Tree":[[45.7,415.58],[332.22,394.44],[481.73,350.94]],"Port":[[-35.07,384.39],[473.47,371.1],[-505.28,290.6],[-513.73,-41.21],[95.08,44.48],[296.79,-176.43],[-11.12,-365.84000000000003]],"Manta Ray Fishing Spot":[[-20.68,400.8]],"Goblin":[[234.24,417.93],[190.29,258.94]],"Meat Tree":[[159.5,450.12],[-474.71,324.25],[-301.94,280.35],[-162.14,-175.69]],"Voidberry Bush":[[-467.17,327.69]],"Roots":[[-491.18,327.39],[492.99,339.37],[-524.21,231.37],[-508.74,232.16],[134.94,-120.39]],"Titanium Rock":[[-416.88,279.6],[-416.37,286.72],[335.35,169.39],[8.95,126.07],[-492.78,-26.17],[-491.86,-39.32],[296.91,-5.98],[285.65,-10.67],[403.03,-194.88],[395.42,-193.82]],"Compost Bin":[[-403.44,304.3],[-593.49,97.9],[-25.92,-51.63]],"Pufferfish Fishing Spot":[[-433.4,323.17]],"Cobalt Rock":[[-325.8,256.40999999999997],[56.08,299.07],[66.16,301.64],[-340.3,252.47],[-489.08,64.65],[244.64,-166.94]],"Jade Rock":[[-311.51,261.37],[-306,265.53],[-531.52,56.59],[428.86,-222.41],[430.04,-213.03]],"Gem Rock":[[-348.1,317.3],[-173.05,86.93]],"CamelBrother":[[-287.49,331.92],[-326.23,220.82999999999998]],"Emberberry Bush":[[57.5,282.41]],"Oak Tree":[[144.48,348.72],[147.24,87.75],[98.39,-136.57999999999998],[56.36,-298.23]],"Wolf":[[-452.15999999999997,183.16],[-455.83,177.41],[-233.64,-36.28],[-136.85,-22.8],[90.31,-71.63],[95.19,-65.3]],"Cactus":[[-356.62,253.14],[-345.02,253.98],[-78.53999999999999,156.57],[-82.65,220.54],[-170.36,95.5],[-122.09,130.71]],"Zombie":[[-224.81,212.6],[28.91,238.81]],"Silver Rock":[[-18.9,206.18],[-0.76,204.34],[-507.95,67.74000000000001],[-531.39,138.07],[-178.03,61.95],[-564.15,29.3],[-219.3,-143.67000000000002],[-155.85,-91.37],[-207.04,-155.95]],"Platinum Rock":[[15.02,240.01],[328.53,207.59],[-514.97,147.73],[-264.02,92.27],[-370.61,-145.8],[-379.04,-152.47]],"Lionfish Fishing Spot":[[-31.55,228.42000000000002]],"Berry Bush":[[66.43,176.16],[-559.79,102.21],[-567.64,55.59],[98.17,0.78],[24.62,-49.97],[-4.66,-109.14],[-353.18,-172.57],[-57.91,-316.22]],"Copper Rock":[[-562.91,106.29],[-578.23,113.28999999999999],[-79.85,-30.29],[-96.14,-53.43],[45.17,-55.02]],"Quartz Rock":[[-560.29,123.02],[-162.1,91.53],[34.08,119.52],[54.59,116.28999999999999],[-576.53,38.9],[-550.35,20.48],[-511.03,-11.93],[-231.41,-126.72],[133.07999999999998,-82.12],[155.11,-70.24]],"Maple Tree":[[-567.33,113.96000000000001],[66.12,151.96],[-531.45,18.25],[183,43.95],[24.7,-115.93]],"Chick":[[-514.86,137.39]],"Chicken":[[-533.49,109.78],[-527.22,101.41],[-531.9,113.14],[-541.07,103.96]],"Pig":[[-487.44,101.46],[326.5,119.59]],"Sheep":[[-188.41,76.66]],"Willow Tree":[[-2.07,127.55],[-40.53,-229.88]],"Swordfish Fishing Spot":[[-14.79,131.68]],"Tuna Fishing Spot":[[-16.16,127.58]],"Bamboo":[[-572.07,31.91],[-587.32,41.43],[-56.23,-32.46]],"Hemp Plant":[[-581.21,38.94],[-15.49,-117],[54.46,-54.51]],"Tin Rock":[[-54.09,-10.93],[56.98,-6.79]],"Gooberry Bush":[[-77.59,-4.95]],"Trout Fishing Spot":[[-93.65,-28.47]],"Salmon Fishing Spot":[[-92.16,-17.85]],"Raccoon":[[159.46,-26.66]],"Dreamberry Bush":[[168.54,1.28]],"Lobster Fishing Spot":[[-216.61,-118.95]],"Mackerel Fishing Spot":[[-213.79,-127.37]],"Moonberry Bush":[[73.43,-63.82]],"Sunberry Bush":[[2.17,-156.81]],"Palm Tree":[[328.71,-231.48],[336.13,-151.81],[449.39,-205.88]],"Candy Tree":[[257.06,-191.63],[290.05,-170.99]]},"byType":{"service":["Bank","Blacksmith","Crafting Table","Spinning Wheel","Task Board","Washing Machine","Scribe Desk","General Store","Horse Ranch","Port","Compost Bin"],"combat":["Training Dummy","Cat","Skeleton","Goblin","CamelBrother","Wolf","Zombie","Chick","Chicken","Pig","Sheep","Raccoon"],"fishing":["Fishing Spot","Shrimp Fishing Spot","Manta Ray Fishing Spot","Pufferfish Fishing Spot","Lionfish Fishing Spot","Swordfish Fishing Spot","Tuna Fishing Spot","Trout Fishing Spot","Salmon Fishing Spot","Lobster Fishing Spot","Mackerel Fishing Spot"],"flax":["Flax"],"opal_mining":["Opal Rock"],"frost_foraging":["Frostberry Bush"],"ribbon_woodcutting":["Ribbon Tree"],"meat_woodcutting":["Meat Tree"],"void_foraging":["Voidberry Bush"],"roots_woodcutting":["Roots"],"titanium_mining":["Titanium Rock"],"cobalt_mining":["Cobalt Rock"],"jade_mining":["Jade Rock"],"gem_mining":["Gem Rock"],"ember_foraging":["Emberberry Bush"],"oak_woodcutting":["Oak Tree"],"cactus_woodcutting":["Cactus"],"silver_mining":["Silver Rock"],"platinum_mining":["Platinum Rock"],"foraging":["Berry Bush"],"copper_mining":["Copper Rock"],"quartz_mining":["Quartz Rock"],"maple_woodcutting":["Maple Tree"],"willow_woodcutting":["Willow Tree"],"bamboo_woodcutting":["Bamboo"],"hemp":["Hemp Plant"],"tin_mining":["Tin Rock"],"crystal_foraging":["Gooberry Bush"],"shadow_foraging":["Dreamberry Bush"],"elder_foraging":["Moonberry Bush"],"golden_foraging":["Sunberry Bush"],"palm_woodcutting":["Palm Tree"],"candy_woodcutting":["Candy Tree"]},"labelType":{"Bank":"service","Blacksmith":"service","Crafting Table":"service","Spinning Wheel":"service","Training Dummy":"combat","Fishing Spot":"fishing","Task Board":"service","Washing Machine":"service","Flax":"flax","Cat":"combat","Scribe Desk":"service","General Store":"service","Shrimp Fishing Spot":"fishing","Skeleton":"combat","Opal Rock":"opal_mining","Frostberry Bush":"frost_foraging","Horse Ranch":"service","Ribbon Tree":"ribbon_woodcutting","Port":"service","Manta Ray Fishing Spot":"fishing","Goblin":"combat","Meat Tree":"meat_woodcutting","Voidberry Bush":"void_foraging","Roots":"roots_woodcutting","Titanium Rock":"titanium_mining","Compost Bin":"service","Pufferfish Fishing Spot":"fishing","Cobalt Rock":"cobalt_mining","Jade Rock":"jade_mining","Gem Rock":"gem_mining","CamelBrother":"combat","Emberberry Bush":"ember_foraging","Oak Tree":"oak_woodcutting","Wolf":"combat","Cactus":"cactus_woodcutting","Zombie":"combat","Silver Rock":"silver_mining","Platinum Rock":"platinum_mining","Lionfish Fishing Spot":"fishing","Berry Bush":"foraging","Copper Rock":"copper_mining","Quartz Rock":"quartz_mining","Maple Tree":"maple_woodcutting","Chick":"combat","Chicken":"combat","Pig":"combat","Sheep":"combat","Willow Tree":"willow_woodcutting","Swordfish Fishing Spot":"fishing","Tuna Fishing Spot":"fishing","Bamboo":"bamboo_woodcutting","Hemp Plant":"hemp","Tin Rock":"tin_mining","Gooberry Bush":"crystal_foraging",