{"locations":{"Flax":[[-87.67,-48.47],[-91.38,-52.39],[-71.44,-9.47],[-78.11,-6.79],[-279.34,-279.66],[-560.67,97.24],[-587.18,56.18],[-569.02,70.17],[29.62,-31.44],[22.39,-40.04],[-46.92,-14.84]],"Oak Tree":[[-97.02,-107.86],[56.06,-98.63],[111.6,-34.34],[147.24,87.75]],"Copper Rock":[[-96.14,-53.43],[-79.85,-30.29],[-562.91,106.29],[-578.23,113.28999999999999],[45.17,-55.02]],"Berry Bush":[[-57.91,-316.22],[-353.18,-172.57],[-559.79,102.21],[-567.64,55.59],[24.62,-49.97],[-4.66,-109.14],[98.17,0.78],[66.43,176.16]],"Bamboo":[[-56.23,-32.46],[-572.07,31.91],[-587.32,41.43]],"Fishing Spot":[[-100.99,4.56],[-77.82,20.75],[-93.52,-34.52],[-608.03,57.5],[-613.52,83.3],[-603.97,103.86],[21.44,17.65],[-9.31,11.61],[7.56,14.75],[-43.69,101.33],[96.88,67.12]],"Bank":[[-133.87,-16.99],[-54,146.42000000000002],[-345,-296.53],[-605.07,79.65],[-7.59,-7.6],[-32.06,108.13],[-11.05,222.43],[3.43,289.66],[419.85,68.26],[497.22,327.89]],"Tin Rock":[[-54.09,-10.93],[56.98,-6.79]],"Gooberry Bush":[[-77.59,-4.95]],"Wolf":[[-136.85,-22.8],[-233.64,-36.28]],"Cactus":[[-122.09,130.71],[-78.53999999999999,156.57],[-82.65,220.54],[-170.36,95.5]],"Opal Rock":[[-83.43,212.61],[-51.5,385.9],[-50.7,375.06],[-367.61,312.17],[-384.34,310.21],[70.74,-121.66],[68.53999999999999,-138.9]],"Quartz Rock":[[-231.41,-126.72],[-162.1,91.53],[-511.03,-11.93],[-576.53,38.9],[-550.35,20.48],[-560.29,123.02],[34.08,119.52],[133.07999999999998,-82.12],[54.59,116.28999999999999],[155.11,-70.24]],"Silver Rock":[[-219.3,-143.67000000000002],[-155.85,-91.37],[-207.04,-155.95],[-175.74,71.68],[-178.03,61.95],[-507.95,67.74000000000001],[-531.39,138.07],[-564.15,29.3],[-18.9,206.18],[-0.76,204.34]],"Gem Rock":[[-173.05,86.93],[-348.1,317.3]],"Sheep":[[-188.41,76.66]],"Zombie":[[-224.81,212.6],[28.91,238.81]],"Skeleton":[[-247.62,384.13],[330.07,331.69]],"Platinum Rock":[[-264.02,92.27],[-274.21,91.96000000000001],[-370.61,-145.8],[-379.04,-152.47],[-514.97,147.73],[15.02,240.01],[328.53,207.59],[317.01,199.87]],"Cobalt Rock":[[-340.3,252.47],[-325.8,256.40999999999997],[-489.08,64.65],[56.08,299.07],[66.16,301.64]],"Jade Rock":[[-311.51,261.37],[-306,265.53],[-531.52,56.59]],"Titanium Rock":[[-416.88,279.6],[-416.37,286.72],[-506.13,-101.47],[-492.78,-26.17],[-491.86,-39.32],[8.95,126.07],[296.91,-5.98],[285.65,-10.67],[335.35,169.39]],"Maple Tree":[[-531.45,18.25],[-567.33,113.96000000000001],[7.83,-109.47],[66.12,151.96],[183,43.95]],"Chick":[[-514.86,137.39]],"Chicken":[[-533.49,109.78],[-527.22,101.41],[-531.9,113.14],[-541.07,103.96]],"Pig":[[-487.44,101.46],[326.5,119.59]],"Palm Tree":[[-520.04,236.84],[-478.37,333.22],[-523.61,294.36],[-556.61,309.28],[262.83,-168.87]],"Voidberry Bush":[[-467.17,327.69]],"Hemp Plant":[[-581.21,38.94],[-15.49,-117],[53.73,-55.06]],"Scribe Desk":[[-598.17,51],[3.46,6.65]],"Compost Bin":[[-593.49,97.9],[-25.92,-51.63]],"Washing Machine":[[-611.03,76.05],[7.41,7.21]],"Task Board":[[-604.88,95.19],[-16.74,2.59]],"Crafting Table":[[-609.21,68.71000000000001],[-5.98,4.85]],"Blacksmith":[[-607.65,65.38],[-2.34,5.64]],"Food Shop":[[-570.11,100.19],[38.84,-28.41]],"Spinning Wheel":[[-576.81,98.03],[-9.8,4.61]],"Willow Tree":[[-40.53,-229.88],[-2.07,127.55]],"Sunberry Bush":[[2.17,-156.81]],"Training Dummy":[[46.52,19.14],[42.59,16.21]],"Cat":[[-33.6,-27.97]],"Dog":[[28.62,-23.47]],"General Store":[[-23.99,-2.55]],"Frostberry Bush":[[-6.92,403.62]],"Moonberry Bush":[[73.43,-63.82]],"Emberberry Bush":[[57.5,282.41]],"Demon":[[66.05,382.27],[73.25,377.14],[371.16,343.39]],"Raccoon":[[159.46,-26.66]],"Dreamberry Bush":[[168.54,1.28]],"Goblin":[[190.29,258.94],[234.24,417.93]]},"byType":{"flax":["Flax"],"oak_woodcutting":["Oak Tree"],"copper_mining":["Copper Rock"],"foraging":["Berry Bush"],"bamboo_woodcutting":["Bamboo"],"fishing":["Fishing Spot"],"service":["Bank","Scribe Desk","Compost Bin","Washing Machine","Task Board","Crafting Table","Blacksmith","Food Shop","Spinning Wheel","General Store"],"tin_mining":["Tin Rock"],"crystal_foraging":["Gooberry Bush"],"combat":["Wolf","Sheep","Zombie","Skeleton","Chick","Chicken","Pig","Training Dummy","Cat","Dog","Demon","Raccoon","Goblin"],"cactus_woodcutting":["Cactus"],"opal_mining":["Opal Rock"],"quartz_mining":["Quartz Rock"],"silver_mining":["Silver Rock"],"gem_mining":["Gem Rock"],"platinum_mining":["Platinum Rock"],"cobalt_mining":["Cobalt Rock"],"jade_mining":["Jade Rock"],"titanium_mining":["Titanium Rock"],"maple_woodcutting":["Maple Tree"],"palm_woodcutting":["Palm Tree"],"void_foraging":["Voidberry Bush"],"hemp":["Hemp Plant"],"willow_woodcutting":["Willow Tree"],"golden_foraging":["Sunberry Bush"],"frost_foraging":["Frostberry Bush"],"elder_foraging":["Moonberry Bush"],"ember_foraging":["Emberberry Bush"],"shadow_foraging":["Dreamberry Bush"]},"labelType":{"Flax":"flax","Oak Tree":"oak_woodcutting","Copper Rock":"copper_mining","Berry Bush":"foraging","Bamboo":"bamboo_woodcutting","Fishing Spot":"fishing","Bank":"service","Tin Rock":"tin_mining","Gooberry Bush":"crystal_foraging","Wolf":"combat","Cactus":"cactus_woodcutting","Opal Rock":"opal_mining","Quartz Rock":"quartz_mining","Silver Rock":"silver_mining","Gem Rock":"gem_mining","Sheep":"combat","Zombie":"combat","Skeleton":"combat","Platinum Rock":"platinum_mining","Cobalt Rock":"cobalt_mining","Jade Rock":"jade_mining","Titanium Rock":"titanium_mining","Maple Tree":"maple_woodcutting","Chick":"combat","Chicken":"combat","Pig":"combat","Palm Tree":"palm_woodcutting","Voidberry Bush":"void_foraging","Hemp Plant":"hemp","Scribe Desk":"service","Compost Bin":"service","Washing Machine":"service","Task Board":"service","Crafting Table":"service","Blacksmith":"service","Food Shop":"service","Spinning Wheel":"service","Willow Tree":"willow_woodcutting","Sunberry Bush":"golden_foraging","Training Dummy":"combat","Cat":"combat","Dog":"combat","General Store":"service","Frostberry Bush":"frost_foraging","Moonberry Bush":"elder_foraging","Emberberry Bush":"ember_foraging","Demon":"combat","Raccoon":"combat","Dreamberry Bush":"shadow_foraging","Goblin":"combat"}}