{"locations":{"Bank":[[9.38,-1.14],[3.43,289.66],[497.22,327.89],[-11.05,222.43],[-605.07,79.65],[-54,146.42000000000002],[-32.06,108.13],[419.85,68.26],[-133.87,-16.99],[-345,-296.53]],"Blacksmith":[[1.87,0.99],[-607.65,65.38]],"Crafting Table":[[-2.9,0.8],[-609.21,68.71000000000001]],"Spinning Wheel":[[-12.05,1.36],[-576.81,98.03]],"Training Dummy":[[32.42,12.38],[27.21,11.43]],"Fishing Spot":[[21.44,17.65],[-9.31,11.61],[7.56,14.75],[-608.03,57.5],[-613.52,83.3],[-603.97,103.86],[-43.69,101.33],[96.88,67.12],[-100.99,4.56],[-77.82,20.75],[-93.52,-34.52]],"Task Board":[[-27.19,5.37],[-604.88,95.19]],"Washing Machine":[[17.49,4.53],[-611.03,76.05]],"Food Shop":[[38.84,-28.41],[-570.11,100.19]],"Flax":[[29.62,-31.44],[22.39,-40.04],[-46.92,-14.84],[-560.67,97.24],[-587.18,56.18],[-569.02,70.17],[-71.44,-9.47],[-78.11,-6.79],[-87.67,-48.47],[-91.38,-52.39],[-279.34,-279.66]],"Cat":[[-33.6,-27.97]],"Dog":[[28.62,-23.47]],"Palm Tree":[[44.98,13.78],[-55.75,3.81],[-99.53,17.58],[107.64,29.58],[262.83,-168.87]],"Tin Rock":[[39.48,-4.61],[-54.09,-10.93]],"Scribe Desk":[[-17.96,-3.72],[-598.17,51]],"General Store":[[-38.73,-6.26]],"Skeleton":[[-247.62,384.13],[330.07,331.69]],"Opal Rock":[[-51.5,385.9],[-50.7,375.06],[-367.61,312.17],[-384.34,310.21],[-160.01,-113.35],[70.74,-121.66],[68.53999999999999,-138.9]],"Demon":[[66.05,382.27],[73.25,377.14],[371.16,343.39]],"Goblin":[[234.24,417.93],[190.29,258.94]],"Titanium Rock":[[-416.88,279.6],[-416.37,286.72],[335.35,169.39],[8.95,126.07],[-492.78,-26.17],[-491.86,-39.32],[296.91,-5.98],[285.65,-10.67],[-506.13,-101.47]],"Cobalt Rock":[[-325.8,256.40999999999997],[56.08,299.07],[66.16,301.64],[-340.3,252.47],[-489.08,64.65]],"Jade Rock":[[-311.51,261.37],[-306,265.53],[-531.52,56.59]],"Gem Rock":[[-348.1,317.3],[-173.05,86.93]],"Zombie":[[-224.81,212.6],[28.91,238.81]],"Cactus":[[-78.53999999999999,156.57],[-82.65,220.54],[-170.36,95.5],[-122.09,130.71]],"Silver Rock":[[-18.9,206.18],[-0.76,204.34],[-507.95,67.74000000000001],[-531.39,138.07],[-175.74,71.68],[-178.03,61.95],[-564.15,29.3],[-219.3,-143.67000000000002],[-155.85,-91.37],[-207.04,-155.95]],"Platinum Rock":[[15.02,240.01],[328.53,207.59],[317.01,199.87],[-514.97,147.73],[-264.02,92.27],[-274.21,91.96000000000001],[-370.61,-145.8],[-379.04,-152.47]],"Berry Bush":[[66.43,176.16],[-559.79,102.21],[-567.64,55.59],[98.17,0.78],[24.62,-49.97],[-4.66,-109.14],[-353.18,-172.57],[-57.91,-316.22]],"Compost Bin":[[-593.49,97.9],[-25.92,-51.63]],"Copper Rock":[[-562.91,106.29],[-578.23,113.28999999999999],[-79.85,-30.29],[-96.14,-53.43],[45.17,-55.02]],"Quartz Rock":[[-560.29,123.02],[34.08,119.52],[54.59,116.28999999999999],[-576.53,38.9],[-550.35,20.48],[-511.03,-11.93],[73.56,11.93],[92.24,14.85],[133.07999999999998,-82.12],[155.11,-70.24]],"Maple Tree":[[-567.33,113.96000000000001],[66.12,151.96],[-531.45,18.25],[183,43.95],[7.83,-109.47]],"Chick":[[-514.86,137.39]],"Chicken":[[-533.49,109.78],[-527.22,101.41],[-531.9,113.14],[-541.07,103.96]],"Pig":[[-487.44,101.46],[326.5,119.59]],"Willow Tree":[[-2.07,127.55],[-40.53,-229.88]],"Oak Tree":[[147.24,87.75],[111.6,-34.34],[-97.02,-107.86],[56.06,-98.63]],"Bamboo":[[-572.07,31.91],[-587.32,41.43],[-56.23,-32.46]],"Hemp Plant":[[-581.21,38.94],[-15.49,-117],[53.73,-55.06]],"Gooberry Bush":[[-77.59,-4.95]],"Raccoon":[[159.46,-26.66]],"Dreamberry Bush":[[168.54,1.28]],"Wolf":[[-144.11,-84.92],[-138.71,-80.31]],"Sheep":[[60.2,-143.85]],"Moonberry Bush":[[73.43,-63.82]],"Sunberry Bush":[[2.17,-156.81]]},"byType":{"service":["Bank","Blacksmith","Crafting Table","Spinning Wheel","Task Board","Washing Machine","Food Shop","Scribe Desk","General Store","Compost Bin"],"combat":["Training Dummy","Cat","Dog","Skeleton","Demon","Goblin","Zombie","Chick","Chicken","Pig","Raccoon","Wolf","Sheep"],"fishing":["Fishing Spot"],"flax":["Flax"],"palm_woodcutting":["Palm Tree"],"tin_mining":["Tin Rock"],"opal_mining":["Opal Rock"],"titanium_mining":["Titanium Rock"],"cobalt_mining":["Cobalt Rock"],"jade_mining":["Jade Rock"],"gem_mining":["Gem Rock"],"cactus_woodcutting":["Cactus"],"silver_mining":["Silver Rock"],"platinum_mining":["Platinum Rock"],"foraging":["Berry Bush"],"copper_mining":["Copper Rock"],"quartz_mining":["Quartz Rock"],"maple_woodcutting":["Maple Tree"],"willow_woodcutting":["Willow Tree"],"oak_woodcutting":["Oak Tree"],"bamboo_woodcutting":["Bamboo"],"hemp":["Hemp Plant"],"crystal_foraging":["Gooberry Bush"],"shadow_foraging":["Dreamberry Bush"],"elder_foraging":["Moonberry Bush"],"golden_foraging":["Sunberry Bush"]},"labelType":{"Bank":"service","Blacksmith":"service","Crafting Table":"service","Spinning Wheel":"service","Training Dummy":"combat","Fishing Spot":"fishing","Task Board":"service","Washing Machine":"service","Food Shop":"service","Flax":"flax","Cat":"combat","Dog":"combat","Palm Tree":"palm_woodcutting","Tin Rock":"tin_mining","Scribe Desk":"service","General Store":"service","Skeleton":"combat","Opal Rock":"opal_mining","Demon":"combat","Goblin":"combat","Titanium Rock":"titanium_mining","Cobalt Rock":"cobalt_mining","Jade Rock":"jade_mining","Gem Rock":"gem_mining","Zombie":"combat","Cactus":"cactus_woodcutting","Silver Rock":"silver_mining","Platinum Rock":"platinum_mining","Berry Bush":"foraging","Compost Bin":"service","Copper Rock":"copper_mining","Quartz Rock":"quartz_mining","Maple Tree":"maple_woodcutting","Chick":"combat","Chicken":"combat","Pig":"combat","Willow Tree":"willow_woodcutting","Oak Tree":"oak_woodcutting","Bamboo":"bamboo_woodcutting","Hemp Plant":"hemp","Gooberry Bush":"crystal_foraging","Raccoon":"combat","Dreamberry Bush":"shadow_foraging","Wolf":"combat","Sheep":"combat","Moonberry Bush":"elder_foraging","Sunberry Bush":"golden_foraging"}}